,Accuracy,Precision,Recall,F1-Score,PR-AUC
SVM,0.6388888888888888,0.0,0.0,0.0,0.42411730548842674
KNN,0.6875,1.0,0.1346153846153846,0.23728813559322035,0.5487935967958237
Random Forest,0.6319444444444444,0.49056603773584906,0.5,0.49523809523809526,0.5191337515729385
