,Accuracy,Precision,Recall,F1-Score,PR-AUC
SVM,0.637151424287856,0.0,0.0,0.0,0.5353608766682636
KNN,0.6372113943028486,0.6523809523809524,0.0478513356562137,0.08697393968158088,0.49814304767283185
Random Forest,0.6180509745127436,0.4792314822016541,0.5502903600464576,0.511509907097133,0.5000702028009999
