,Accuracy,Precision,Recall,F1-Score,PR-AUC
SVM,0.003390295418315443,0.0,0.0,0.0,0.05560616312165261
KNN,0.02042822027217411,0.32492804017584725,0.021300952329834148,0.03771764816042752,0.04447830010591192
Random Forest,0.024008536941085897,0.030901544316644963,0.01597814163017252,0.016116123421319604,0.05179399268658378
