,Accuracy,Precision,Recall,Specificity,F1-Score,PR-AUC
Elastic Net,0.6597222222222222,0.5454545454545454,0.34615384615384615,0.8369565217391305,0.4235294117647059,0.5882690553466188
SVM,0.6527777777777778,0.5555555555555556,0.19230769230769232,0.9130434782608695,0.2857142857142857,0.5235694442287694
KNN,0.6388888888888888,0.5,0.019230769230769232,0.9891304347826086,0.037037037037037035,0.4939577597087622
Random Forest,0.6666666666666666,0.6428571428571429,0.17307692307692307,0.9456521739130435,0.2727272727272727,0.5499284417979684
Extra Trees,0.6458333333333334,0.5217391304347826,0.23076923076923078,0.8804347826086957,0.32,0.5373706567121995
AdaBoost,0.6736111111111112,0.6923076923076923,0.17307692307692307,0.9565217391304348,0.27692307692307694,0.540751593140586
XGBoost,0.6041666666666666,0.4528301886792453,0.46153846153846156,0.6847826086956522,0.45714285714285713,0.5346994665715785
