,Accuracy,Precision,Recall,Specificity,F1-Score,PR-AUC
Elastic Net,0.7087814769404885,0.6606522740357393,0.40310806957513545,0.8828399619233359,0.5004575741573281,0.6462611429290145
SVM,0.6401971140243328,0.5044616843218928,0.27507841459937266,0.8480787536857747,0.35443533697632057,0.4626318328756982
KNN,1.0,1.0,1.0,1.0,1.0,1.0
Random Forest,0.7209270961048759,0.6060824323636914,0.6615055603079555,0.7547653873836223,0.632520522283715,0.6819885499095358
Extra Trees,0.7039988682448364,0.5804293458831926,0.6674650698602794,0.7247893013860836,0.6207323201911349,0.6835397393245518
AdaBoost,0.731339243610299,0.6754936065707724,0.5,0.8630702793062618,0.5744899304446363,0.6999175311592122
XGBoost,0.7026935772894463,0.5884093026220338,0.606415739948674,0.7574748670799376,0.5967294757249443,0.6598992453169624
