,Accuracy,Precision,Recall,F1-Score,PR-AUC
Elastic Net,0.6597222222222222,0.5882352941176471,0.19230769230769232,0.2898550724637681,0.48437483997895714
SVM,0.6388888888888888,0.0,0.0,0.0,0.4109505707788935
KNN,0.6666666666666666,1.0,0.07692307692307693,0.14285714285714285,0.5671146472515793
Random Forest,0.625,0.4791666666666667,0.4423076923076923,0.46,0.48698704022543743
