,Accuracy,Precision,Recall,F1-Score,PR-AUC
Elastic Net,0.6831651419409601,0.6776631538580795,0.241595380667237,0.35581593770598624,0.5896249310532446
SVM,0.6371526926341602,0.0,0.0,0.0,0.43493898530984537
KNN,1.0,1.0,1.0,1.0,1.0
Random Forest,0.7964462887861925,0.7147224038771314,0.7308882235528943,0.7226788941646514,0.8147871562463489
