,Accuracy,Precision,Recall,Specificity,F1-Score,PR-AUC
Elastic Net,0.6909895052473762,0.6132886083141923,0.4068524970963995,0.8527582376897446,0.4862160171094949,0.5909492261861622
SVM,0.6979460269865067,0.6305388400570956,0.40731707317073174,0.8636060718252498,0.48960608343961687,0.6076618687049591
KNN,0.661544227886057,0.6622222222222223,0.11962833914053425,0.9700481303221029,0.2019657905715478,0.5787374042175046
Random Forest,0.6737031484257872,0.5608744408744408,0.4312427409988386,0.8119955572010366,0.48587028657616893,0.5985891070118865
