,Accuracy,Precision,Recall,Specificity,F1-Score,PR-AUC
Elastic Net,0.7074771291144015,0.6570843975132814,0.40431993156544055,0.8801211952357735,0.5002472920806686,0.6406429550253071
SVM,0.6658011883429218,0.6170313226136257,0.21171941830624466,0.9243969260058972,0.3149995695056028,0.50746150409747
KNN,0.6584212015467321,0.8195868347338935,0.07414456800684346,0.9911425320981635,0.13565663847877657,0.5723249310968315
Random Forest,0.7039903800811091,0.8510074328187536,0.22365269461077847,0.9775185159387988,0.3526983525643732,0.7265395021660729
Extra Trees,0.7769131377911912,0.8839458254293332,0.4449743370402053,0.9659469248450232,0.5907832279132597,0.812286108682018
AdaBoost,0.6879326605677638,0.7507934020002986,0.2117265469061876,0.9591465255043998,0.3288752051406513,0.6246684594558427
XGBoost,0.7391549561444875,0.6346104280165358,0.6662745936698032,0.7806737712149706,0.6489614442774225,0.7002981614047925
