,Accuracy,Precision,Recall,Specificity,F1-Score,PR-AUC
Elastic Net,0.6614992503748126,0.5547692307692308,0.354006968641115,0.8366901147723066,0.43165693272766603,0.5747880462374934
SVM,0.696191904047976,0.7377871148459384,0.2629500580720093,0.9429840799703813,0.38608177531952487,0.6159146238170548
KNN,0.6544827586206896,0.7,0.057259001161440184,0.9945205479452055,0.1033973273103708,0.5495214169436229
Random Forest,0.6701649175412293,0.7162637362637363,0.16747967479674797,0.9566086634579787,0.26802139659282515,0.5968764371186112
Extra Trees,0.6823388305847077,0.6534360410830999,0.2728222996515679,0.9156978896704924,0.38213150274385926,0.6033706318568602
AdaBoost,0.6770764617691154,0.7002997002997003,0.18652729384436703,0.9564975934838948,0.29280679986879443,0.5755581063034427
XGBoost,0.6492653673163418,0.517663711141972,0.5548199767711963,0.7029988893002591,0.5341513258127587,0.5521081906073743
