,Accuracy,Precision,Recall,F1-Score,PR-AUC
Elastic Net,0.6545727136431785,0.6192717086834734,0.1816492450638792,0.2739897895740893,0.5290545988903397
SVM,0.637151424287856,0.0,0.0,0.0,0.5404662917360151
KNN,0.6285307346326836,0.38,0.01916376306620209,0.035625927758535375,0.4986834559216934
Random Forest,0.6319640179910045,0.4944419018560895,0.502555168408827,0.49791840896950995,0.5047270197572393
