,Accuracy,Precision,Recall,Specificity,F1-Score,PR-AUC
Elastic Net,0.6458333333333334,0.5161290322580645,0.3076923076923077,0.8369565217391305,0.3855421686746988,0.5140187801709516
SVM,0.6458333333333334,0.5135135135135135,0.36538461538461536,0.8043478260869565,0.42696629213483145,0.4967657750959905
KNN,0.6041666666666666,0.14285714285714285,0.019230769230769232,0.9347826086956522,0.03389830508474576,0.4074403765325365
Random Forest,0.6388888888888888,0.5,0.3269230769230769,0.8152173913043478,0.3953488372093023,0.45246306909428036
