,Accuracy,Precision,Recall,Specificity,F1-Score,PR-AUC
Elastic Net,0.6650224887556222,0.5634728362314569,0.35365853658536583,0.8420214735283228,0.4329664920890906,0.5640285898795291
SVM,0.6979310344827587,0.6605128205128205,0.3437862950058072,0.8991114402073306,0.44107380751343606,0.5991765521694415
KNN,0.6493703148425787,0.7285714285714285,0.0765389082462253,0.9755275823768974,0.13576066790352503,0.5349154414867565
Random Forest,0.6529085457271364,0.5211535543460333,0.5548199767711963,0.7083302480562754,0.5359071969152719,0.5677684939869454
Extra Trees,0.6563718140929535,0.5219591814804582,0.5933797909407665,0.69203998519067,0.5544110807478253,0.5510691758355184
