,Accuracy,Precision,Recall,Specificity,F1-Score,PR-AUC
Elastic Net,0.6666666666666666,0.5666666666666667,0.3269230769230769,0.8586956521739131,0.4146341463414634,0.591662502997687
SVM,0.6736111111111112,0.5862068965517241,0.3269230769230769,0.8695652173913043,0.41975308641975306,0.5028235673962765
KNN,0.6805555555555556,0.875,0.1346153846153846,0.9891304347826086,0.23333333333333334,0.6045787309292948
Random Forest,0.6805555555555556,0.5555555555555556,0.5769230769230769,0.7391304347826086,0.5660377358490566,0.6169795049787701
Extra Trees,0.6666666666666666,0.5303030303030303,0.6730769230769231,0.6630434782608695,0.5932203389830508,0.6089540291472486
AdaBoost,0.6666666666666666,0.5588235294117647,0.36538461538461536,0.8369565217391305,0.4418604651162791,0.5409145536042166
XGBoost,0.7083333333333334,0.578125,0.7115384615384616,0.7065217391304348,0.6379310344827587,0.6356876159120857
