,Accuracy,Precision,Recall,Specificity,F1-Score,PR-AUC
Elastic Net,0.7283051966424596,0.6875751975694525,0.46052894211576845,0.8807945021011818,0.5514418175352868,0.6703784316301578
SVM,0.666666037913798,0.5657217677371207,0.3636370116909039,0.8392212857839381,0.44166390507181247,0.5132394979516236
KNN,1.0,1.0,1.0,1.0,1.0,1.0
Random Forest,0.9943582005092898,0.9964214428286284,0.9880382092956944,0.9979545401778459,0.9921917805266769,0.9997690429987461
