,Accuracy,Precision,Recall,Specificity,F1-Score,PR-AUC
Elastic Net,0.00806747403250573,0.01612684091142559,0.018195723077399507,0.007992357095362968,0.016358994966040846,0.014745263241568789
SVM,0.01592721248423325,0.038350205668971446,0.025229447620989203,0.027940376972134008,0.02126190709733918,0.026938589679511057
KNN,0.0,0.0,0.0,0.0,0.0,0.0
Random Forest,0.00260209631083172,0.004765489056037574,0.006559613562706396,0.0027292182560535996,0.0036047157371367467,0.00011449256749416005
