,Accuracy,Precision,Recall,Specificity,F1-Score,PR-AUC
Elastic Net,0.0106312511977528,0.029935574617824017,0.02927736391211237,0.012424283226491514,0.029969803352640108,0.020734913708942163
SVM,0.0008458329368515418,0.0,0.0,0.0,0.0,0.01794781862324671
Random Forest,0.008704296638790708,0.01348870864701699,0.04774056752097071,0.023850737481741047,0.021953767235272908,0.00942378501077963
Extra Trees,0.008742622656464246,0.01387141252058633,0.01237726144227209,0.014877160325703373,0.008540893709636566,0.011181920101789191
XGBoost,0.009948847637693665,0.01671710680086455,0.011544115583137027,0.0171099307992541,0.009384162453695232,0.008295434267885943
