,Accuracy,Precision,Recall,Specificity,F1-Score,PR-AUC
Elastic Net,0.009829001301307405,0.01959223721373333,0.05737279403835663,0.02831778550516876,0.04131563215446967,0.03586623654375238
SVM,0.03194464563116022,0.05210380744628722,0.09009707081998762,0.03501287027375386,0.07817057830523753,0.051196895300676844
KNN,0.027350617117886163,0.2461468496750228,0.052176981310530134,0.0157861829963367,0.08588929665248635,0.0548466090605854
Random Forest,0.033102905064747626,0.05576369251576957,0.08771572759100947,0.013269440548143762,0.0763235349222858,0.04613061571289646
