,Accuracy,Precision,Recall,F1-Score,PR-AUC
Elastic Net,0.007664479416458919,0.026599121999411095,0.021220447154196808,0.025108664047284946,0.01080001476011297
SVM,0.0008458329368515418,0.0,0.0,0.0,0.033711662640836554
KNN,0.0,0.0,0.0,0.0,0.0
Random Forest,0.01074180538567971,0.014618653485792157,0.015085714255100904,0.013931082665575195,0.013698518784442644
