,Accuracy,Precision,Recall,Specificity,F1-Score,PR-AUC
Elastic Net,0.025775667767390306,0.061758069688079086,0.03076304057208072,0.03005792375851864,0.039304655189876615,0.06524821572674594
SVM,0.0346642249459983,0.15982885966014368,0.04410935146781619,0.037613948715551,0.06575768382395351,0.07820232320551532
KNN,0.022697204852164542,0.4,0.05338027613550594,0.006710930802145721,0.09340706570260751,0.04516211530306337
Random Forest,0.02481411102495948,0.19382123385208708,0.039874120882847065,0.03349856014917158,0.059634503211855455,0.0740079284333934
Extra Trees,0.026072545951693782,0.09531466320323825,0.051749166247756904,0.0310845153063746,0.06277771878160263,0.051763549315112053
AdaBoost,0.026089558539173583,0.1254563894323265,0.054865480435552276,0.0197254770428644,0.07958767182321537,0.0678093939951356
XGBoost,0.02160244471618615,0.032900549613416714,0.04090281681967672,0.043584269198766214,0.02389439050823628,0.05108909924604334
