,Accuracy,Precision,Recall,Specificity,F1-Score,PR-AUC
Elastic Net,0.041220486977608516,0.08926386740271101,0.0628305863640371,0.044163348555037715,0.07104230647515077,0.059536067674707115
SVM,0.03348271535433532,0.0860194311641508,0.12174696683099516,0.047260096324118636,0.11082641436388337,0.062384656464209036
KNN,0.02389372401333169,0.28713930346059685,0.034952210444796156,0.026257969234880288,0.05825566039848448,0.04214286445921687
Random Forest,0.045440802339594584,0.060976966192907066,0.0816192535821255,0.04956517557001123,0.0643529140695339,0.08663854548887544
Extra Trees,0.043021119471432244,0.055607820727130663,0.08737890515172486,0.0396100437426394,0.06735766875248729,0.08589382815323925
