,Accuracy,Precision,Recall,F1-Score,PR-AUC
Elastic Net,0.031044548556291438,0.21567291602562558,0.05507039401186304,0.07061560268130082,0.04155325378385164
SVM,0.003390295418315443,0.0,0.0,0.0,0.05165508598892588
KNN,0.018043377044056393,0.3709447398198282,0.01784994142015157,0.03232251797602825,0.04379410872707368
Random Forest,0.028069939108200635,0.03478105883229263,0.03247798803778549,0.02947651271433224,0.04770621410416094
