,Accuracy,Precision,Recall,Specificity,F1-Score,PR-AUC
Elastic Net,0.6614842578710645,0.5785043416622363,0.2819976771196283,0.8776749352091817,0.37699080202287616,0.5660561867291614
SVM,0.637151424287856,0.0,0.0,1.0,0.0,0.5735477113891481
Random Forest,0.6475112443778112,0.5159599586379884,0.5355400696864111,0.7113291373565346,0.5238314356367095,0.5794149605678289
Extra Trees,0.6596701649175412,0.5302227623913731,0.540534262485482,0.7275083302480563,0.5350199998526715,0.5917479434693234
XGBoost,0.6405847076461769,0.5039675197862061,0.5737514518002323,0.6784524250277675,0.536410474359941,0.55084866267203
