,Accuracy,Precision,Recall,Specificity,F1-Score,PR-AUC
Elastic Net,0.6527777777777778,0.5357142857142857,0.28846153846153844,0.8586956521739131,0.375,0.5789695114325589
SVM,0.6388888888888888,0.0,0.0,1.0,0.0,0.5455194857221206
Random Forest,0.6319444444444444,0.4897959183673469,0.46153846153846156,0.7282608695652174,0.4752475247524752,0.5321400817032784
Extra Trees,0.6527777777777778,0.52,0.5,0.7391304347826086,0.5098039215686274,0.5863506489419038
XGBoost,0.625,0.4827586206896552,0.5384615384615384,0.6739130434782609,0.509090909090909,0.5157814072996236
