,Accuracy,Precision,Recall,Specificity,F1-Score,PR-AUC
Elastic Net,0.037439028682794,0.12276210572465834,0.04715161076782347,0.04714646750729997,0.06225689198781243,0.05982027140744283
SVM,0.003390295418315443,0.0,0.0,0.0,0.0,0.07606809738482197
Random Forest,0.03919375416564239,0.05421313220938555,0.06408308717548473,0.051744464033823566,0.05179426824926607,0.07887085753943913
Extra Trees,0.02662155359304777,0.034866952941342275,0.04734546491572115,0.022993839460501403,0.039159039562554135,0.054468796563643646
XGBoost,0.024871456652087457,0.03439951537345979,0.04297328687572591,0.02398414294841362,0.03697756533267728,0.055900804276999415
