,Accuracy,Precision,Recall,Specificity,F1-Score,ROC-AUC,PR-AUC
Elastic Net,0.6371526926341602,0.0,0.0,1.0,0.0,0.5575456073991183,0.44232568119370946
SVM,0.47482316325568236,0.3731669370613738,0.657927003136584,0.3705672029904112,0.47604495462975815,0.5648954059562146,0.447729083625479
Random Forest,0.6380222578515514,0.5128709050707865,0.4894211576846307,0.7228529637110818,0.48761115402115635,0.6655165586497827,0.5422385710466878
XGBoost,0.6193681033669716,0.48298218276537275,0.5095665811234673,0.6819298367811288,0.49012666448922443,0.6305815877474,0.503735808486061
