,Accuracy,Precision,Recall,Specificity,F1-Score,ROC-AUC,PR-AUC
Elastic Net,0.6388888888888888,0.0,0.0,1.0,0.0,0.6490384615384615,0.4871253384504972
SVM,0.6388888888888888,0.0,0.0,1.0,0.0,0.6206103678929766,0.4955870706908627
Random Forest,0.6180555555555556,0.48,0.6923076923076923,0.5760869565217391,0.5669291338582677,0.6614757525083611,0.5247648534468466
XGBoost,0.6111111111111112,0.4666666666666667,0.5384615384615384,0.6521739130434783,0.5,0.5976170568561872,0.4672445785373894
