,Accuracy,Precision,Recall,Specificity,F1-Score,ROC-AUC,PR-AUC
Elastic Net,0.637151424287856,0.0,0.0,1.0,0.0,0.5511515070987173,0.4551719724335677
SVM,0.4775712143928036,0.3767924457496362,0.6653890824622533,0.37089966679007774,0.4807383643743782,0.5568561521284542,0.4630077233938362
Random Forest,0.5451874062968516,0.3658097630313297,0.3299651567944251,0.6671603109959274,0.33762927558888334,0.5414157809663991,0.4323113277063245
XGBoost,0.5521889055472264,0.3881625128683952,0.4210220673635308,0.6263606071825251,0.39766685231597515,0.5403633682367394,0.4419566980005632
