,Accuracy,Precision,Recall,Specificity,F1-Score,ROC-AUC,PR-AUC
Elastic Net,0.637151424287856,0.0,0.0,1.0,0.0,0.5548148167259427,0.4599472071356402
SVM,0.637151424287856,0.0,0.0,1.0,0.0,0.5841674546485772,0.4847574048274084
Random Forest,0.5260569715142429,0.3427302996670366,0.329616724738676,0.6371714179933358,0.32784454394435836,0.5321015875309225,0.4291164617655088
XGBoost,0.5295802098950524,0.37086619494730905,0.464924506387921,0.5665679378008146,0.40792206014272436,0.5357991792088017,0.4386622176672844
