,Accuracy,Precision,Recall,Specificity,F1-Score,ROC-AUC,PR-AUC
Elastic Net,0.6388888888888888,0.0,0.0,1.0,0.0,0.6465301003344481,0.47587962181942123
SVM,0.5555555555555556,0.43617021276595747,0.7884615384615384,0.42391304347826086,0.5616438356164384,0.6540551839464882,0.49334857965040513
Random Forest,0.6388888888888888,0.5,0.6923076923076923,0.6086956521739131,0.5806451612903226,0.6486204013377926,0.5060805288743234
XGBoost,0.6180555555555556,0.4727272727272727,0.5,0.6847826086956522,0.48598130841121495,0.6088001672240804,0.4627265544537948
