,Accuracy,Precision,Recall,Specificity,F1-Score,ROC-AUC,PR-AUC
Elastic Net,0.003390295418315443,0.0,0.0,0.0,0.0,0.05374103095995975,0.04718156401985646
SVM,0.003390295418315443,0.0,0.0,0.0,0.0,0.0535859730727995,0.028647972177674067
Random Forest,0.053325652962058094,0.06235366402039967,0.11305449462075398,0.10962624572344352,0.07755784560913599,0.06409733696211542,0.03745577474953519
XGBoost,0.0440182463256876,0.059471781991692486,0.15352710507408696,0.08369512138816358,0.09613179443838463,0.061795607520898375,0.044847550515584735
