,Accuracy,Precision,Recall,Specificity,F1-Score,ROC-AUC,PR-AUC
Elastic Net,0.0008458329368515419,0.0,0.0,0.0,0.0,0.013461133965849274,0.012980778480653772
SVM,0.007725668310233007,0.0025806793398479846,0.025597117957431238,0.02573766475960653,0.006589026394460579,0.012237065445097896,0.010001838630429284
Random Forest,0.025401137127733845,0.04149559519969611,0.12826366563466116,0.10729320488197559,0.0499023056667591,0.01272512512566378,0.00780208466765214
XGBoost,0.024410420616499263,0.02946473527428711,0.08167412632286862,0.08360350143521662,0.024736911386258376,0.011200561714191662,0.010284145563602493
