,Accuracy,Precision,Recall,Specificity,F1-Score,ROC-AUC,PR-AUC
Elastic Net,0.003390295418315443,0.0,0.0,0.0,0.0,0.05636881899347055,0.05853518184121163
SVM,0.04719163900994387,0.03324797005206434,0.05044903657920229,0.05678665976497567,0.0378355312811244,0.05463831270987494,0.04535630651686958
Random Forest,0.06317504504084272,0.08515514024378663,0.11848192840374393,0.11945241648973119,0.0864054607089814,0.07266446915546483,0.03657731347180996
XGBoost,0.04632087801255727,0.06780687365574779,0.1367089598590433,0.09400174748806552,0.08748294302710782,0.06323282956962557,0.0540064472883351
